latitude,longitude,time,co,t
62.25,0.0,2018-05-01,1.1351313e-07,279.8651
62.25,0.75,2018-05-01,1.1372459e-07,280.00574
62.25,1.5,2018-05-01,1.1392877e-07,280.11902
62.25,2.25,2018-05-01,1.140852e-07,280.18542
62.25,3.0,2018-05-01,1.14674556e-07,280.18738
62.25,3.75,2018-05-01,1.16549025e-07,280.0155
62.25,4.5,2018-05-01,1.2097007e-07,279.40808
62.25,5.25,2018-05-01,1.3143335e-07,278.10535
62.25,6.0,2018-05-01,1.3337194e-07,276.1405
62.25,6.75,2018-05-01,1.3265844e-07,273.96667
62.25,7.5,2018-05-01,1.2880946e-07,272.18738
62.25,8.25,2018-05-01,1.2026385e-07,271.203
62.25,9.0,2018-05-01,1.2062537e-07,271.02332
62.25,9.75,2018-05-01,1.2099918e-07,271.36902
62.25,10.5,2018-05-01,1.2078772e-07,271.8534
62.25,11.25,2018-05-01,1.1819066e-07,272.18933
62.25,12.0,2018-05-01,1.1659086e-07,272.32996
62.25,12.75,2018-05-01,1.1588691e-07,272.4569
62.25,13.5,2018-05-01,1.17716816e-07,272.73425
62.25,14.25,2018-05-01,1.2092278e-07,273.0819
62.25,15.0,2018-05-01,1.2433611e-07,273.2948
62.25,15.75,2018-05-01,1.2692317e-07,273.40808
62.25,16.5,2018-05-01,1.317103e-07,273.80457
62.25,17.25,2018-05-01,1.314811e-07,274.7948
62.25,18.0,2018-05-01,1.2300052e-07,276.16785
62.25,18.75,2018-05-01,1.2091596e-07,277.2987
62.25,19.5,2018-05-01,1.2229339e-07,277.74597
62.25,20.25,2018-05-01,1.2220471e-07,277.58972
62.25,21.0,2018-05-01,1.2168357e-07,277.15222
62.25,21.75,2018-05-01,1.2138844e-07,276.56238
62.25,22.5,2018-05-01,1.2172814e-07,275.78113
62.25,23.25,2018-05-01,1.2571945e-07,274.95886
62.25,24.0,2018-05-01,1.284734e-07,274.51746
62.25,24.75,2018-05-01,1.375488e-07,274.75574
62.25,25.5,2018-05-01,1.4353373e-07,275.48035
62.25,26.25,2018-05-01,1.3920271e-07,276.18542
62.25,27.0,2018-05-01,1.3635645e-07,276.52332
62.25,27.75,2018-05-01,1.3165754e-07,276.49207
62.25,28.5,2018-05-01,1.2808732e-07,276.2323
62.25,29.25,2018-05-01,1.2544206e-07,275.80457
62.25,30.0,2018-05-01,1.2467399e-07,275.24792
62.25,30.75,2018-05-01,1.2484679e-07,274.68152
62.25,31.5,2018-05-01,1.2339297e-07,274.24402
62.25,32.25,2018-05-01,1.2283908e-07,273.9452
62.25,33.0,2018-05-01,1.2231385e-07,273.65613
62.25,33.75,2018-05-01,1.2191276e-07,273.23816
62.25,34.5,2018-05-01,1.2135206e-07,272.6366
62.25,35.25,2018-05-01,1.206754e-07,271.94714
62.25,36.0,2018-05-01,1.2053852e-07,271.42566
62.25,36.75,2018-05-01,1.206754e-07,271.34558
62.25,37.5,2018-05-01,1.2114788e-07,271.703
62.25,38.25,2018-05-01,1.2144301e-07,272.09558
62.25,39.0,2018-05-01,1.2164719e-07,272.08582
62.25,39.75,2018-05-01,1.217436e-07,271.69128
62.25,40.5,2018-05-01,1.2134888e-07,271.37488
62.25,41.25,2018-05-01,1.2040391e-07,271.47644
62.25,42.0,2018-05-01,1.1946577e-07,271.81433
62.25,42.75,2018-05-01,1.19186105e-07,271.9452
62.25,43.5,2018-05-01,1.1890689e-07,271.7284
62.25,44.25,2018-05-01,1.18607666e-07,271.40222
62.25,45.0,2018-05-01,1.1850762e-07,271.1991
62.25,45.75,2018-05-01,1.1795101e-07,271.078
62.25,46.5,2018-05-01,1.17123825e-07,270.9198
62.25,47.25,2018-05-01,1.1700286e-07,270.7694
62.25,48.0,2018-05-01,1.17050156e-07,270.77527
62.25,48.75,2018-05-01,1.1781004e-07,270.9491
62.25,49.5,2018-05-01,1.18383475e-07,271.14246
62.25,50.25,2018-05-01,1.1941984e-07,271.23816
62.25,51.0,2018-05-01,1.196745e-07,271.2655
62.25,51.75,2018-05-01,1.1863859e-07,271.27722
62.25,52.5,2018-05-01,1.1850671e-07,271.24597
62.25,53.25,2018-05-01,1.1874773e-07,271.1034
62.25,54.0,2018-05-01,1.1873227e-07,270.88074
62.25,54.75,2018-05-01,1.1874045e-07,270.75183
62.25,55.5,2018-05-01,1.1993097e-07,270.87488
62.25,56.25,2018-05-01,1.2141663e-07,271.1776
62.25,57.0,2018-05-01,1.200483e-07,271.3319
62.25,57.75,2018-05-01,1.1831617e-07,271.0741
62.25,58.5,2018-05-01,1.1646626e-07,270.57214
62.25,59.25,2018-05-01,1.1529938e-07,270.37292
62.25,60.0,2018-05-01,1.170879e-07,270.81042
62.25,60.75,2018-05-01,1.17630414e-07,271.4784
62.25,61.5,2018-05-01,1.1583871e-07,271.4569
62.25,62.25,2018-05-01,1.1582416e-07,270.20105
62.25,63.0,2018-05-01,1.1689236e-07,268.11902
62.25,63.75,2018-05-01,1.1977772e-07,266.2245
62.25,64.5,2018-05-01,1.2389864e-07,265.24207
62.25,65.25,2018-05-01,1.2748615e-07,265.1366
62.25,66.0,2018-05-01,1.3106592e-07,265.42175
62.25,66.75,2018-05-01,1.274484e-07,265.70496
62.25,67.5,2018-05-01,1.2247665e-07,265.8827
62.25,68.25,2018-05-01,1.202111e-07,265.9862
62.25,69.0,2018-05-01,1.1887597e-07,266.03503
62.25,69.75,2018-05-01,1.2282135e-07,266.02917
62.25,70.5,2018-05-01,1.2666305e-07,265.94128
62.25,71.25,2018-05-01,1.284834e-07,265.68738
62.25,72.0,2018-05-01,1.2931241e-07,265.17175
62.25,72.75,2018-05-01,1.2780492e-07,264.45496
62.25,73.5,2018-05-01,1.2530018e-07,263.77332
62.25,74.25,2018-05-01,1.2226155e-07,263.35144
62.25,75.0,2018-05-01,1.2118744e-07,263.20496
62.25,75.75,2018-05-01,1.2201099e-07,263.21863
62.25,76.5,2018-05-01,1.2311057e-07,263.34167
62.25,77.25,2018-05-01,1.2375858e-07,263.67175
62.25,78.0,2018-05-01,1.3823774e-07,264.2987
62.25,78.75,2018-05-01,1.5146816e-07,265.2069
62.25,79.5,2018-05-01,1.3883846e-07,266.32605
62.25,80.25,2018-05-01,1.2914415e-07,267.62292
62.25,81.0,2018-05-01,1.3143335e-07,269.03894
62.25,81.75,2018-05-01,1.3225826e-07,270.39832
62.25,82.5,2018-05-01,1.3068302e-07,271.51355
62.25,83.25,2018-05-01,1.3062481e-07,272.3495
62.25,84.0,2018-05-01,1.2643659e-07,273.03503
62.25,84.75,2018-05-01,1.2521787e-07,273.66785
62.25,85.5,2018-05-01,1.250296e-07,274.1991
62.25,86.25,2018-05-01,1.2477813e-07,274.5487
62.25,87.0,2018-05-01,1.2472128e-07,274.7616
62.25,87.75,2018-05-01,1.2380406e-07,274.96863
62.25,88.5,2018-05-01,1.2234432e-07,275.23425
62.25,89.25,2018-05-01,1.2237888e-07,275.51355
62.25,90.0,2018-05-01,1.2291957e-07,275.75574
62.25,90.75,2018-05-01,1.2668715e-07,275.93933
62.25,91.5,2018-05-01,1.306471e-07,276.0487
62.25,92.25,2018-05-01,1.3155613e-07,276.0741
62.25,93.0,2018-05-01,1.323142e-07,276.08777
62.25,93.75,2018-05-01,1.327021e-07,276.24402
62.25,94.5,2018-05-01,1.3568388e-07,276.6327
62.25,95.25,2018-05-01,1.433641e-07,277.15417
62.25,96.0,2018-05-01,1.4502211e-07,277.61902
62.25,96.75,2018-05-01,1.3968611e-07,277.92175
62.25,97.5,2018-05-01,1.3514318e-07,278.1034
62.25,98.25,2018-05-01,1.3037106e-07,278.21667
62.25,99.0,2018-05-01,1.2828605e-07,278.25574
62.25,99.75,2018-05-01,1.2761484e-07,278.21277
62.25,100.5,2018-05-01,1.2690543e-07,278.15808
62.25,101.25,2018-05-01,1.2625196e-07,278.19714
62.25,102.0,2018-05-01,1.2573128e-07,278.33386
62.25,102.75,2018-05-01,1.252165e-07,278.47253
62.25,103.5,2018-05-01,1.2463215e-07,278.5448
62.25,104.25,2018-05-01,1.2410692e-07,278.6034
62.25,105.0,2018-05-01,1.235212e-07,278.73035
62.25,105.75,2018-05-01,1.2295595e-07,278.89636
62.25,106.5,2018-05-01,1.2248529e-07,278.98035
62.25,107.25,2018-05-01,1.2239525e-07,278.92566
62.25,108.0,2018-05-01,1.231806e-07,278.80847
62.25,108.75,2018-05-01,1.2363216e-07,278.6776
62.25,109.5,2018-05-01,1.2430291e-07,278.45496
62.25,110.25,2018-05-01,1.2358578e-07,278.04285
62.25,111.0,2018-05-01,1.2210967e-07,277.53308
62.25,111.75,2018-05-01,1.2264445e-07,277.16003
62.25,112.5,2018-05-01,1.2395958e-07,277.0741
62.25,113.25,2018-05-01,1.347089e-07,277.20105
62.25,114.0,2018-05-01,1.4641273e-07,277.412
62.25,114.75,2018-05-01,1.4704847e-07,277.68738
62.25,115.5,2018-05-01,1.4604848e-07,278.05066
62.25,116.25,2018-05-01,1.3954559e-07,278.38855
62.25,117.0,2018-05-01,1.3424824e-07,278.47253
62.25,117.75,2018-05-01,1.2906503e-07,278.16394
62.25,118.5,2018-05-01,1.2628652e-07,277.53113
62.25,119.25,2018-05-01,1.2587407e-07,276.77917
62.25,120.0,2018-05-01,1.2599958e-07,276.13464
62.25,120.75,2018-05-01,1.2657301e-07,275.74988
62.25,121.5,2018-05-01,1.2713781e-07,275.61902
62.25,122.25,2018-05-01,1.2710052e-07,275.5487
62.25,123.0,2018-05-01,1.2659257e-07,275.32996
62.25,123.75,2018-05-01,1.2584951e-07,275.03113
62.25,124.5,2018-05-01,1.2409237e-07,274.95886
62.25,125.25,2018-05-01,1.2257351e-07,275.27722
62.25,126.0,2018-05-01,1.2054443e-07,275.7284
62.25,126.75,2018-05-01,1.19106524e-07,275.92175
62.25,127.5,2018-05-01,1.1841849e-07,275.8319
62.25,128.25,2018-05-01,1.1886596e-07,275.7909
62.25,129.0,2018-05-01,1.2072633e-07,275.99207
62.25,129.75,2018-05-01,1.2292685e-07,276.18542
62.25,130.5,2018-05-01,1.2535747e-07,276.02136
62.25,131.25,2018-05-01,1.2799183e-07,275.56042
62.25,132.0,2018-05-01,1.3003864e-07,275.21277
62.25,132.75,2018-05-01,1.3194995e-07,275.2362
62.25,133.5,2018-05-01,1.3432873e-07,275.4784
62.25,134.25,2018-05-01,1.3379395e-07,275.6151
62.25,135.0,2018-05-01,1.3323461e-07,275.4237
62.25,135.75,2018-05-01,1.293165e-07,274.74207
62.25,136.5,2018-05-01,1.1929205e-07,273.34558
62.25,137.25,2018-05-01,1.15226165e-07,271.08386
62.25,138.0,2018-05-01,1.1166549e-07,268.18933
62.25,138.75,2018-05-01,1.0697023e-07,265.31042
62.25,139.5,2018-05-01,1.0436407e-07,263.15417
62.25,140.25,2018-05-01,1.0275836e-07,262.0995
62.25,141.0,2018-05-01,1.01877966e-07,262.037
62.25,141.75,2018-05-01,1.0160512e-07,262.49597
62.25,142.5,2018-05-01,1.0245595e-07,262.9569
62.25,143.25,2018-05-01,1.04230374e-07,263.18738
62.25,144.0,2018-05-01,1.0942359e-07,263.3827
62.25,144.75,2018-05-01,1.1746898e-07,263.92566
62.25,145.5,2018-05-01,1.2424198e-07,264.9784
62.25,146.25,2018-05-01,1.2804867e-07,266.3612
62.25,147.0,2018-05-01,1.2351893e-07,267.75574
62.25,147.75,2018-05-01,1.1882731e-07,268.88855
62.25,148.5,2018-05-01,1.1762132e-07,269.45496
62.25,149.25,2018-05-01,1.1770363e-07,269.19324
62.25,150.0,2018-05-01,1.1867042e-07,268.25378
62.25,150.75,2018-05-01,1.1955763e-07,267.3612
62.25,151.5,2018-05-01,1.2006421e-07,267.24207
62.25,152.25,2018-05-01,1.2027886e-07,267.81433
62.25,153.0,2018-05-01,1.2016653e-07,268.24988
62.25,153.75,2018-05-01,1.2016562e-07,267.98816
62.25,154.5,2018-05-01,1.2036344e-07,267.40027
62.25,155.25,2018-05-01,1.2104329e-07,267.21863
62.25,156.0,2018-05-01,1.2210103e-07,267.61902
62.25,156.75,2018-05-01,1.2438477e-07,268.2577
62.25,157.5,2018-05-01,1.2701321e-07,269.03503
62.25,158.25,2018-05-01,1.3085537e-07,270.22644
62.25,159.0,2018-05-01,1.3427871e-07,271.68738
62.25,159.75,2018-05-01,1.3234876e-07,272.52136
62.25,160.5,2018-05-01,1.3084127e-07,272.03113
62.25,161.25,2018-05-01,1.2931787e-07,270.77332
62.25,162.0,2018-05-01,1.2777764e-07,270.05847
62.25,162.75,2018-05-01,1.264525e-07,270.43152
62.25,163.5,2018-05-01,1.2502915e-07,271.11316
62.25,164.25,2018-05-01,1.2382179e-07,271.13074
62.25,165.0,2018-05-01,1.2323017e-07,270.5448
62.25,165.75,2018-05-01,1.2323517e-07,270.16785
62.25,166.5,2018-05-01,1.2312285e-07,270.3319
62.25,167.25,2018-05-01,1.2306873e-07,270.44128
62.25,168.0,2018-05-01,1.2253895e-07,269.76355
62.25,168.75,2018-05-01,1.220701e-07,268.31433
62.25,169.5,2018-05-01,1.2228566e-07,266.78113
62.25,170.25,2018-05-01,1.2202736e-07,265.84363
62.25,171.0,2018-05-01,1.213698e-07,265.787
62.25,171.75,2018-05-01,1.2103283e-07,266.54285
62.25,172.5,2018-05-01,1.2139299e-07,267.81433
62.25,173.25,2018-05-01,1.2219652e-07,269.13464
62.25,174.0,2018-05-01,1.2450937e-07,270.09753
62.25,174.75,2018-05-01,1.2601322e-07,270.65417
62.25,175.5,2018-05-01,1.2685268e-07,271.0995
62.25,176.25,2018-05-01,1.2709052e-07,271.6737
62.25,177.0,2018-05-01,1.2674855e-07,272.27332
62.25,177.75,2018-05-01,1.262697e-07,272.61902
62.25,178.5,2018-05-01,1.2585906e-07,272.66394
62.25,179.25,2018-05-01,1.2549754e-07,272.6698
62.25,180.0,2018-05-01,1.2529154e-07,272.89832
62.25,180.75,2018-05-01,1.2444798e-07,273.34363
62.25,181.5,2018-05-01,1.2359305e-07,273.77722
62.25,182.25,2018-05-01,1.2280816e-07,273.97644
62.25,183.0,2018-05-01,1.2194323e-07,273.84167
62.25,183.75,2018-05-01,1.2118744e-07,273.39636
62.25,184.5,2018-05-01,1.2047121e-07,272.74597
62.25,185.25,2018-05-01,1.2005694e-07,272.0819
62.25,186.0,2018-05-01,1.1997099e-07,271.58777
62.25,186.75,2018-05-01,1.2014198e-07,271.32214
62.25,187.5,2018-05-01,1.2077908e-07,271.203
62.25,188.25,2018-05-01,1.2163991e-07,271.13855
62.25,189.0,2018-05-01,1.2289502e-07,271.15222
62.25,189.75,2018-05-01,1.2436567e-07,271.3202
62.25,190.5,2018-05-01,1.2591681e-07,271.6151
62.25,191.25,2018-05-01,1.2755618e-07,271.8905
62.25,192.0,2018-05-01,1.2809187e-07,272.05847
62.25,192.75,2018-05-01,1.2888904e-07,272.24207
62.25,193.5,2018-05-01,1.2906776e-07,272.66003
62.25,194.25,2018-05-01,1.2944611e-07,273.32996
62.25,195.0,2018-05-01,1.3029967e-07,274.0116
62.25,195.75,2018-05-01,1.3124645e-07,274.45496
62.25,196.5,2018-05-01,1.3274484e-07,274.68738
62.25,197.25,2018-05-01,1.3600993e-07,274.94714
62.25,198.0,2018-05-01,1.4265424e-07,275.43347
62.25,198.75,2018-05-01,1.4877742e-07,276.15613
62.25,199.5,2018-05-01,1.5760861e-07,276.96667
62.25,200.25,2018-05-01,1.6363492e-07,277.56824
62.25,201.0,2018-05-01,1.6989907e-07,277.59558
62.25,201.75,2018-05-01,1.7958428e-07,276.93542
62.25,202.5,2018-05-01,1.9062281e-07,276.0741
62.25,203.25,2018-05-01,2.0265952e-07,275.79285
62.25,204.0,2018-05-01,2.1472033e-07,276.2577
62.25,204.75,2018-05-01,2.2052245e-07,276.60535
62.25,205.5,2018-05-01,2.2619997e-07,275.82605
62.25,206.25,2018-05-01,2.2405402e-07,274.10925
62.25,207.0,2018-05-01,2.2079666e-07,272.96277
62.25,207.75,2018-05-01,2.13759e-07,273.70886
62.25,208.5,2018-05-01,2.1280994e-07,275.96277
62.25,209.25,2018-05-01,2.227448e-07,277.80457
62.25,210.0,2018-05-01,2.1752248e-07,277.537
62.25,210.75,2018-05-01,1.9670779e-07,275.29675
62.25,211.5,2018-05-01,1.7532648e-07,273.00183
62.25,212.25,2018-05-01,1.495905e-07,272.72253
62.25,213.0,2018-05-01,1.3826048e-07,274.84167
62.25,213.75,2018-05-01,1.3291128e-07,277.6366
62.25,214.5,2018-05-01,1.3684667e-07,278.7577
62.25,215.25,2018-05-01,1.4180887e-07,277.31042
62.25,216.0,2018-05-01,1.4081843e-07,274.6151
62.25,216.75,2018-05-01,1.3951103e-07,272.9452
62.25,217.5,2018-05-01,1.334547e-07,273.6151
62.25,218.25,2018-05-01,1.3135923e-07,276.24597
62.25,219.0,2018-05-01,1.2945657e-07,279.4198
62.25,219.75,2018-05-01,1.2713281e-07,281.71863
62.25,220.5,2018-05-01,1.2507326e-07,282.40417
62.25,221.25,2018-05-01,1.2148303e-07,281.7284
62.25,222.0,2018-05-01,1.1896373e-07,280.82605
62.25,222.75,2018-05-01,1.1785006e-07,280.82996
62.25,223.5,2018-05-01,1.1772273e-07,281.6991
62.25,224.25,2018-05-01,1.18364376e-07,282.16785
62.25,225.0,2018-05-01,1.1971497e-07,281.1659
62.25,225.75,2018-05-01,1.2078954e-07,279.15027
62.25,226.5,2018-05-01,1.221074e-07,277.63074
62.25,227.25,2018-05-01,1.2250075e-07,277.41785
62.25,228.0,2018-05-01,1.230137e-07,277.78503
62.25,228.75,2018-05-01,1.2297141e-07,277.45886
62.25,229.5,2018-05-01,1.2361124e-07,276.06238
62.25,230.25,2018-05-01,1.2507508e-07,274.2987
62.25,231.0,2018-05-01,1.2690543e-07,272.96277
62.25,231.75,2018-05-01,1.2874034e-07,272.2284
62.25,232.5,2018-05-01,1.2968894e-07,271.93152
62.25,233.25,2018-05-01,1.3051977e-07,272.21277
62.25,234.0,2018-05-01,1.3126828e-07,273.5448
62.25,234.75,2018-05-01,1.3166073e-07,276.1659
62.25,235.5,2018-05-01,1.3135877e-07,279.578
62.25,236.25,2018-05-01,1.3144108e-07,282.67957
62.25,237.0,2018-05-01,1.3086083e-07,284.43738
62.25,237.75,2018-05-01,1.3022327e-07,284.5116
62.25,238.5,2018-05-01,1.2925557e-07,283.3651
62.25,239.25,2018-05-01,1.2841383e-07,281.8534
62.25,240.0,2018-05-01,1.267631e-07,280.6366
62.25,240.75,2018-05-01,1.2545661e-07,279.89636
62.25,241.5,2018-05-01,1.2491682e-07,279.44128
62.25,242.25,2018-05-01,1.2435703e-07,278.96277
62.25,243.0,2018-05-01,1.2358532e-07,278.2245
62.25,243.75,2018-05-01,1.2264036e-07,277.16394
62.25,244.5,2018-05-01,1.2145483e-07,275.90613
62.25,245.25,2018-05-01,1.213757e-07,274.68542
62.25,246.0,2018-05-01,1.2142164e-07,273.72253
62.25,246.75,2018-05-01,1.2119881e-07,273.12683
62.25,247.5,2018-05-01,1.2103328e-07,272.87878
62.25,248.25,2018-05-01,1.210351e-07,272.8573
62.25,249.0,2018-05-01,1.2102419e-07,272.81628
62.25,249.75,2018-05-01,1.21006e-07,272.42566
62.25,250.5,2018-05-01,1.2099599e-07,271.43933
62.25,251.25,2018-05-01,1.2097371e-07,269.9276
62.25,252.0,2018-05-01,1.2094415e-07,268.28308
62.25,252.75,2018-05-01,1.2085275e-07,266.91003
62.25,253.5,2018-05-01,1.2082546e-07,265.90027
62.25,254.25,2018-05-01,1.2079317e-07,265.0409
62.25,255.0,2018-05-01,1.2081091e-07,264.1405
62.25,255.75,2018-05-01,1.2083183e-07,263.26746
62.25,256.5,2018-05-01,1.2086548e-07,262.6151
62.25,257.25,2018-05-01,1.2090322e-07,262.23816
62.25,258.0,2018-05-01,1.2093369e-07,261.97058
62.25,258.75,2018-05-01,1.2088685e-07,261.62292
62.25,259.5,2018-05-01,1.2082546e-07,261.18542
62.25,260.25,2018-05-01,1.2072678e-07,260.80457
62.25,261.0,2018-05-01,1.2058536e-07,260.59558
62.25,261.75,2018-05-01,1.2040391e-07,260.52527
62.25,262.5,2018-05-01,1.202734e-07,260.47253
62.25,263.25,2018-05-01,1.2012879e-07,260.3534
62.25,264.0,2018-05-01,1.199569e-07,260.20496
62.25,264.75,2018-05-01,1.1975317e-07,260.13464
62.25,265.5,2018-05-01,1.1950533e-07,260.20886
62.25,266.25,2018-05-01,1.1935026e-07,260.37488
62.25,267.0,2018-05-01,1.1917246e-07,260.52136
62.25,267.75,2018-05-01,1.190515e-07,260.57214
62.25,268.5,2018-05-01,1.1890962e-07,260.5448
62.25,269.25,2018-05-01,1.1880821e-07,260.47644
62.25,270.0,2018-05-01,1.18707256e-07,260.36707
62.25,270.75,2018-05-01,1.1862995e-07,260.20496
62.25,271.5,2018-05-01,1.1855901e-07,260.01746
62.25,272.25,2018-05-01,1.1849307e-07,259.85925
62.25,273.0,2018-05-01,1.184385e-07,259.74597
62.25,273.75,2018-05-01,1.18365286e-07,259.62097
62.25,274.5,2018-05-01,1.1831481e-07,259.45886
62.25,275.25,2018-05-01,1.18257056e-07,259.32996
62.25,276.0,2018-05-01,1.18192936e-07,259.3241
62.25,276.75,2018-05-01,1.1807061e-07,259.4159
62.25,277.5,2018-05-01,1.179401e-07,259.4784
62.25,278.25,2018-05-01,1.1773e-07,259.45496
62.25,279.0,2018-05-01,1.1750945e-07,259.45496
62.25,279.75,2018-05-01,1.17189764e-07,259.57996
62.25,280.5,2018-05-01,1.1695375e-07,259.71082
62.25,281.25,2018-05-01,1.1665362e-07,259.60535
62.25,282.0,2018-05-01,1.16323015e-07,259.23816
62.25,282.75,2018-05-01,1.15962855e-07,258.90417
62.25,283.5,2018-05-01,1.1568546e-07,258.89246
62.25,284.25,2018-05-01,1.15377595e-07,259.11316
62.25,285.0,2018-05-01,1.15278915e-07,259.24792
62.25,285.75,2018-05-01,1.1512703e-07,259.24402
62.25,286.5,2018-05-01,1.1519797e-07,259.46863
62.25,287.25,2018-05-01,1.1521707e-07,260.24988
62.25,288.0,2018-05-01,1.1542898e-07,261.35925
62.25,288.75,2018-05-01,1.1556313e-07,262.14246
62.25,289.5,2018-05-01,1.1579869e-07,262.17957
62.25,290.25,2018-05-01,1.16115196e-07,261.68152
62.25,291.0,2018-05-01,1.16438976e-07,261.25574
62.25,291.75,2018-05-01,1.1702151e-07,261.35144
62.25,292.5,2018-05-01,1.1747398e-07,262.01746
62.25,293.25,2018-05-01,1.17799125e-07,262.9901
62.25,294.0,2018-05-01,1.18032865e-07,263.95496
62.25,294.75,2018-05-01,1.1789326e-07,264.72644
62.25,295.5,2018-05-01,1.1739713e-07,265.32996
62.25,296.25,2018-05-01,1.16478994e-07,265.89832
62.25,297.0,2018-05-01,1.1509247e-07,266.49792
62.25,297.75,2018-05-01,1.1361636e-07,267.0702
62.25,298.5,2018-05-01,1.11978814e-07,267.54675
62.25,299.25,2018-05-01,1.1025396e-07,267.98425
62.25,300.0,2018-05-01,1.08746924e-07,268.46472
62.25,300.75,2018-05-01,1.0745271e-07,268.96863
62.25,301.5,2018-05-01,1.0692202e-07,269.39246
62.25,302.25,2018-05-01,1.065705e-07,269.7245
62.25,303.0,2018-05-01,1.0666145e-07,270.037
62.25,303.75,2018-05-01,1.069293e-07,270.35144
62.25,304.5,2018-05-01,1.075714e-07,270.6073
62.25,305.25,2018-05-01,1.08266256e-07,270.7987
62.25,306.0,2018-05-01,1.08979755e-07,271.04285
62.25,306.75,2018-05-01,1.095059e-07,271.47644
62.25,307.5,2018-05-01,1.0979921e-07,272.1405
62.25,308.25,2018-05-01,1.1060866e-07,272.912
62.25,309.0,2018-05-01,1.1154999e-07,273.3241
62.25,309.75,2018-05-01,1.152439e-07,272.49207
62.25,310.5,2018-05-01,1.1944212e-07,269.64832
62.25,311.25,2018-05-01,1.1995917e-07,265.0741
62.25,312.0,2018-05-01,1.1989232e-07,260.26746
62.25,312.75,2018-05-01,1.1899329e-07,256.71863
62.25,313.5,2018-05-01,1.1803696e-07,254.66003
62.25,314.25,2018-05-01,1.1717794e-07,253.48816
62.25,315.0,2018-05-01,1.1626799e-07,253.37097
62.25,315.75,2018-05-01,1.1556495e-07,255.60144
62.25,316.5,2018-05-01,1.1502471e-07,260.80457
62.25,317.25,2018-05-01,1.147605e-07,267.3026
62.25,318.0,2018-05-01,1.1473913e-07,272.15808
62.25,318.75,2018-05-01,1.1476596e-07,273.92175
62.25,319.5,2018-05-01,1.1484827e-07,273.73816
62.25,320.25,2018-05-01,1.14919665e-07,273.6034
62.25,321.0,2018-05-01,1.147796e-07,274.16394
62.25,321.75,2018-05-01,1.1478097e-07,274.67175
62.25,322.5,2018-05-01,1.1459088e-07,274.56433
62.25,323.25,2018-05-01,1.1458861e-07,274.26355
62.25,324.0,2018-05-01,1.1451858e-07,274.3905
62.25,324.75,2018-05-01,1.1465273e-07,274.88855
62.25,325.5,2018-05-01,1.1464818e-07,275.24597
62.25,326.25,2018-05-01,1.14749135e-07,275.2401
62.25,327.0,2018-05-01,1.1474004e-07,275.08777
62.25,327.75,2018-05-01,1.1478733e-07,275.0155
62.25,328.5,2018-05-01,1.1476687e-07,275.01746
62.25,329.25,2018-05-01,1.148942e-07,275.02527
62.25,330.0,2018-05-01,1.1499697e-07,275.06628
62.25,330.75,2018-05-01,1.15286646e-07,275.1659
62.25,331.5,2018-05-01,1.15575865e-07,275.27332
62.25,332.25,2018-05-01,1.15936025e-07,275.35144
62.25,333.0,2018-05-01,1.1615794e-07,275.4452
62.25,333.75,2018-05-01,1.164176e-07,275.59558
62.25,334.5,2018-05-01,1.1656585e-07,275.76746
62.25,335.25,2018-05-01,1.1666271e-07,275.90808
62.25,336.0,2018-05-01,1.1668545e-07,276.0448
62.25,336.75,2018-05-01,1.1677003e-07,276.2245
62.25,337.5,2018-05-01,1.1686962e-07,276.41003
62.25,338.25,2018-05-01,1.1720113e-07,276.51746
62.25,339.0,2018-05-01,1.17566294e-07,276.53308
62.25,339.75,2018-05-01,1.1789917e-07,276.5526
62.25,340.5,2018-05-01,1.18184296e-07,276.68738
62.25,341.25,2018-05-01,1.18224314e-07,276.96277
62.25,342.0,2018-05-01,1.18248416e-07,277.31824
62.25,342.75,2018-05-01,1.181993e-07,277.66785
62.25,343.5,2018-05-01,1.1803514e-07,277.96472
62.25,344.25,2018-05-01,1.1751491e-07,278.23816
62.25,345.0,2018-05-01,1.16494455e-07,278.58582
62.25,345.75,2018-05-01,1.15008795e-07,279.09363
62.25,346.5,2018-05-01,1.1433395e-07,279.73425
62.25,347.25,2018-05-01,1.1424209e-07,280.35144
62.25,348.0,2018-05-01,1.17620864e-07,280.78113
62.25,348.75,2018-05-01,1.2126111e-07,280.97058
62.25,349.5,2018-05-01,1.2337705e-07,280.96863
62.25,350.25,2018-05-01,1.2498231e-07,280.8319
62.25,351.0,2018-05-01,1.2521423e-07,280.58972
62.25,351.75,2018-05-01,1.248145e-07,280.2909
62.25,352.5,2018-05-01,1.2302644e-07,280.06238
62.25,353.25,2018-05-01,1.2112059e-07,280.0077
62.25,354.0,2018-05-01,1.19187014e-07,280.1073
62.25,354.75,2018-05-01,1.17637235e-07,280.1952
62.25,355.5,2018-05-01,1.16323925e-07,280.13074
62.25,356.25,2018-05-01,1.1575276e-07,279.92566
62.25,357.0,2018-05-01,1.1553221e-07,279.71277
62.25,357.75,2018-05-01,1.15125665e-07,279.6151
62.25,358.5,2018-05-01,1.14732764e-07,279.6366
62.25,359.25,2018-05-01,1.1413568e-07,279.73425
61.5,0.0,2018-05-01,1.1359089e-07,279.953
61.5,0.75,2018-05-01,1.1381099e-07,280.13074
61.5,1.5,2018-05-01,1.1398152e-07,280.28308
61.5,2.25,2018-05-01,1.139697e-07,280.4276
61.5,3.0,2018-05-01,1.1450448e-07,280.52527
61.5,3.75,2018-05-01,1.1569592e-07,280.38464
61.5,4.5,2018-05-01,1.207859e-07,279.6698
61.5,5.25,2018-05-01,1.2821647e-07,278.1151
61.5,6.0,2018-05-01,1.3196495e-07,275.8612
61.5,6.75,2018-05-01,1.3318049e-07,273.51746
61.5,7.5,2018-05-01,1.2660576e-07,271.80847
61.5,8.25,2018-05-01,1.2098462e-07,271.12488
61.5,9.0,2018-05-01,1.2110695e-07,271.37097
61.5,9.75,2018-05-01,1.2445571e-07,272.14832
61.5,10.5,2018-05-01,1.3149383e-07,272.9901
61.5,11.25,2018-05-01,1.2558303e-07,273.537
61.5,12.0,2018-05-01,1.1729117e-07,273.68542
61.5,12.75,2018-05-01,1.1653447e-07,273.62097
61.5,13.5,2018-05-01,1.16599956e-07,273.6327
61.5,14.25,2018-05-01,1.17195675e-07,273.83386
61.5,15.0,2018-05-01,1.18661326e-07,274.18152
61.5,15.75,2018-05-01,1.1972088e-07,274.67957
61.5,16.5,2018-05-01,1.208573e-07,275.43933
61.5,17.25,2018-05-01,1.2022701e-07,276.41785
61.5,18.0,2018-05-01,1.1728799e-07,277.26746
61.5,18.75,2018-05-01,1.1672501e-07,277.6659
61.5,19.5,2018-05-01,1.18356645e-07,277.71667
61.5,20.25,2018-05-01,1.1954262e-07,277.82605
61.5,21.0,2018-05-01,1.2158034e-07,278.1327
61.5,21.75,2018-05-01,1.2300052e-07,278.2616
61.5,22.5,2018-05-01,1.2466353e-07,277.82996
61.5,23.25,2018-05-01,1.3108775e-07,277.02722
61.5,24.0,2018-05-01,1.3994577e-07,276.47253
61.5,24.75,2018-05-01,1.4175612e-07,276.52722
61.5,25.5,2018-05-01,1.4191528e-07,276.9569
61.5,26.25,2018-05-01,1.445569e-07,277.3319
61.5,27.0,2018-05-01,1.4210082e-07,277.53113
61.5,27.75,2018-05-01,1.370945e-07,277.63464
61.5,28.5,2018-05-01,1.3368481e-07,277.54285
61.5,29.25,2018-05-01,1.31055e-07,277.0487
61.5,30.0,2018-05-01,1.290723e-07,276.3026
61.5,30.75,2018-05-01,1.2776582e-07,275.8202
61.5,31.5,2018-05-01,1.2682949e-07,275.87878
61.5,32.25,2018-05-01,1.261169e-07,276.12683
61.5,33.0,2018-05-01,1.2568171e-07,276.0194
61.5,33.75,2018-05-01,1.2561077e-07,275.48035
61.5,34.5,2018-05-01,1.2601276e-07,274.87878
61.5,35.25,2018-05-01,1.2444025e-07,274.44714
61.5,36.0,2018-05-01,1.2271994e-07,274.0741
61.5,36.75,2018-05-01,1.2240025e-07,273.662
61.5,37.5,2018-05-01,1.2235205e-07,273.33386
61.5,38.25,2018-05-01,1.2283408e-07,273.1444
61.5,39.0,2018-05-01,1.2268902e-07,272.88074
61.5,39.75,2018-05-01,1.2141754e-07,272.412
61.5,40.5,2018-05-01,1.2084138e-07,271.99988
61.5,41.25,2018-05-01,1.2047713e-07,272.02527
61.5,42.0,2018-05-01,1.2016653e-07,272.4276
61.5,42.75,2018-05-01,1.2003875e-07,272.74207
61.5,43.5,2018-05-01,1.1957081e-07,272.68933
61.5,44.25,2018-05-01,1.1917883e-07,272.48816
61.5,45.0,2018-05-01,1.1873272e-07,272.47644
61.5,45.75,2018-05-01,1.18465785e-07,272.65613
61.5,46.5,2018-05-01,1.1885732e-07,272.74207
61.5,47.25,2018-05-01,1.18528995e-07,272.59167
61.5,48.0,2018-05-01,1.1790235e-07,272.3495
61.5,48.75,2018-05-01,1.18167016e-07,272.203
61.5,49.5,2018-05-01,1.18509895e-07,272.11902
61.5,50.25,2018-05-01,1.2066039e-07,271.91394
61.5,51.0,2018-05-01,1.214139e-07,271.54675
61.5,51.75,2018-05-01,1.2059945e-07,271.21277
61.5,52.5,2018-05-01,1.2270175e-07,271.1112
61.5,53.25,2018-05-01,1.258818e-07,271.1659
61.5,54.0,2018-05-01,1.2728333e-07,271.11707
61.5,54.75,2018-05-01,1.2795499e-07,270.8905
61.5,55.5,2018-05-01,1.2347891e-07,270.74988
61.5,56.25,2018-05-01,1.220651e-07,270.90222
61.5,57.0,2018-05-01,1.2297915e-07,271.08582
61.5,57.75,2018-05-01,1.2209648e-07,270.80847
61.5,58.5,2018-05-01,1.2074179e-07,270.1034
61.5,59.25,2018-05-01,1.1995462e-07,269.7323
61.5,60.0,2018-05-01,1.1997327e-07,270.33972
61.5,60.75,2018-05-01,1.18665874e-07,271.537
61.5,61.5,2018-05-01,1.1721841e-07,272.09753
61.5,62.25,2018-05-01,1.1737303e-07,271.16785
61.5,63.0,2018-05-01,1.1836074e-07,269.06433
61.5,63.75,2018-05-01,1.2030341e-07,266.8612
61.5,64.5,2018-05-01,1.2354576e-07,265.39636
61.5,65.25,2018-05-01,1.267922e-07,264.83777
61.5,66.0,2018-05-01,1.2614055e-07,264.95886
61.5,66.75,2018-05-01,1.2342298e-07,265.47058
61.5,67.5,2018-05-01,1.2231021e-07,266.0819
61.5,68.25,2018-05-01,1.2130295e-07,266.50574
61.5,69.0,2018-05-01,1.2183364e-07,266.62292
61.5,69.75,2018-05-01,1.2404826e-07,266.56824
61.5,70.5,2018-05-01,1.266908e-07,266.50964
61.5,71.25,2018-05-01,1.277649e-07,266.40417
61.5,72.0,2018-05-01,1.2799092e-07,266.05652
61.5,72.75,2018-05-01,1.2695136e-07,265.44128
61.5,73.5,2018-05-01,1.2546707e-07,264.80457
61.5,74.25,2018-05-01,1.2219925e-07,264.43152
61.5,75.0,2018-05-01,1.209437e-07,264.38855
61.5,75.75,2018-05-01,1.2222745e-07,264.55847
61.5,76.5,2018-05-01,1.2426153e-07,264.87488
61.5,77.25,2018-05-01,1.2767714e-07,265.4276
61.5,78.0,2018-05-01,1.363037e-07,266.31433
61.5,78.75,2018-05-01,1.4749912e-07,267.4901
61.5,79.5,2018-05-01,1.5090563e-07,268.80457
61.5,80.25,2018-05-01,1.4728039e-07,270.1034
61.5,81.0,2018-05-01,1.4235411e-07,271.2655
61.5,81.75,2018-05-01,1.3785893e-07,272.18347
61.5,82.5,2018-05-01,1.3023191e-07,272.81824
61.5,83.25,2018-05-01,1.2890632e-07,273.26746
61.5,84.0,2018-05-01,1.2730652e-07,273.66394
61.5,84.75,2018-05-01,1.271078e-07,274.03503
61.5,85.5,2018-05-01,1.2707869e-07,274.287
61.5,86.25,2018-05-01,1.2683404e-07,274.3905
61.5,87.0,2018-05-01,1.2595865e-07,274.47058
61.5,87.75,2018-05-01,1.237895e-07,274.69714
61.5,88.5,2018-05-01,1.2244072e-07,275.1112
61.5,89.25,2018-05-01,1.2148803e-07,275.6366
61.5,90.0,2018-05-01,1.257622e-07,276.18347
61.5,90.75,2018-05-01,1.3097088e-07,276.66785
61.5,91.5,2018-05-01,1.3485578e-07,276.97058
61.5,92.25,2018-05-01,1.3679619e-07,277.02136
61.5,93.0,2018-05-01,1.3460522e-07,276.90417
61.5,93.75,2018-05-01,1.3445879e-07,276.83777
61.5,94.5,2018-05-01,1.3577483e-07,276.9901
61.5,95.25,2018-05-01,1.4660918e-07,277.3651
61.5,96.0,2018-05-01,1.5954629e-07,277.87097
61.5,96.75,2018-05-01,1.4348598e-07,278.39246
61.5,97.5,2018-05-01,1.2887631e-07,278.81824
61.5,98.25,2018-05-01,1.2834107e-07,279.03894
61.5,99.0,2018-05-01,1.2774171e-07,279.03503
61.5,99.75,2018-05-01,1.270937e-07,278.91003
61.5,100.5,2018-05-01,1.2635883e-07,278.81042
61.5,101.25,2018-05-01,1.255371e-07,278.7948
61.5,102.0,2018-05-01,1.250246e-07,278.81628
61.5,102.75,2018-05-01,1.2452438e-07,278.81238
61.5,103.5,2018-05-01,1.2371174e-07,278.77527
61.5,104.25,2018-05-01,1.2298051e-07,278.75964
61.5,105.0,2018-05-01,1.2225382e-07,278.82214
61.5,105.75,2018-05-01,1.2195551e-07,278.96277
61.5,106.5,2018-05-01,1.2197916e-07,279.1112
61.5,107.25,2018-05-01,1.2693363e-07,279.18347
61.5,108.0,2018-05-01,1.325584e-07,279.14832
61.5,108.75,2018-05-01,1.3471117e-07,278.98816
61.5,109.5,2018-05-01,1.3568933e-07,278.64636
61.5,110.25,2018-05-01,1.3268664e-07,278.1034
61.5,111.0,2018-05-01,1.2908322e-07,277.50964
61.5,111.75,2018-05-01,1.2345299e-07,277.12488
61.5,112.5,2018-05-01,1.3674207e-07,277.03503
61.5,113.25,2018-05-01,1.6049398e-07,277.05652
61.5,114.0,2018-05-01,1.5758906e-07,277.0194
61.5,114.75,2018-05-01,1.5194246e-07,277.05066
61.5,115.5,2018-05-01,1.4440184e-07,277.39636
61.5,116.25,2018-05-01,1.3735962e-07,277.97253
61.5,117.0,2018-05-01,1.317112e-07,278.2987
61.5,117.75,2018-05-01,1.2766986e-07,277.98816
61.5,118.5,2018-05-01,1.256949e-07,277.1698
61.5,119.25,2018-05-01,1.2561986e-07,276.34753
61.5,120.0,2018-05-01,1.260687e-07,275.87097
61.5,120.75,2018-05-01,1.2689407e-07,275.70105
61.5,121.5,2018-05-01,1.2761711e-07,275.59558
61.5,122.25,2018-05-01,1.2812643e-07,275.4198
61.5,123.0,2018-05-01,1.2789951e-07,275.2284
61.5,123.75,2018-05-01,1.2644796e-07,275.1659
61.5,124.5,2018-05-01,1.2400824e-07,275.3241
61.5,125.25,2018-05-01,1.2062128e-07,275.64246
61.5,126.0,2018-05-01,1.1859175e-07,275.9198
61.5,126.75,2018-05-01,1.1690236e-07,275.97644
61.5,127.5,2018-05-01,1.1688281e-07,275.82996
61.5,128.25,2018-05-01,1.174276e-07,275.68347
61.5,129.0,2018-05-01,1.1887733e-07,275.70496
61.5,129.75,2018-05-01,1.2076862e-07,275.84363
61.5,130.5,2018-05-01,1.228218e-07,275.87683
61.5,131.25,2018-05-01,1.2481769e-07,275.66394
61.5,132.0,2018-05-01,1.2672126e-07,275.3026
61.5,132.75,2018-05-01,1.2752434e-07,275.02722
61.5,133.5,2018-05-01,1.2828286e-07,274.96667
61.5,134.25,2018-05-01,1.27352e-07,274.96472
61.5,135.0,2018-05-01,1.257863e-07,274.6405
61.5,135.75,2018-05-01,1.2390547e-07,273.68152
61.5,136.5,2018-05-01,1.2078226e-07,272.1151
61.5,137.25,2018-05-01,1.17932366e-07,270.3202
61.5,138.0,2018-05-01,1.1418479e-07,268.71472
61.5,138.75,2018-05-01,1.1022167e-07,267.47644
61.5,139.5,2018-05-01,1.0497343e-07,266.54675
61.5,140.25,2018-05-01,1.0160603e-07,265.84167
61.5,141.0,2018-05-01,1.0077702e-07,265.35535
61.5,141.75,2018-05-01,1.01977555e-07,265.0526
61.5,142.5,2018-05-01,1.05532315e-07,264.83582
61.5,143.25,2018-05-01,1.0979284e-07,264.68738
61.5,144.0,2018-05-01,1.1537259e-07,264.75574
61.5,144.75,2018-05-01,1.2209284e-07,265.1659
61.5,145.5,2018-05-01,1.2789951e-07,265.80457
61.5,146.25,2018-05-01,1.2749615e-07,266.49207
61.5,147.0,2018-05-01,1.2490909e-07,267.27917
61.5,147.75,2018-05-01,1.209346e-07,268.30066
61.5,148.5,2018-05-01,1.19147906e-07,269.23816
61.5,149.25,2018-05-01,1.18237956e-07,269.30847
61.5,150.0,2018-05-01,1.1822977e-07,268.10535
61.5,150.75,2018-05-01,1.18058786e-07,266.31628
61.5,151.5,2018-05-01,1.182516e-07,265.18933
61.5,152.25,2018-05-01,1.1834346e-07,265.21277
61.5,153.0,2018-05-01,1.1851899e-07,265.72644
61.5,153.75,2018-05-01,1.18719534e-07,265.9901
61.5,154.5,2018-05-01,1.18956e-07,266.2245
61.5,155.25,2018-05-01,1.1943712e-07,267.18542
61.5,156.0,2018-05-01,1.2011515e-07,268.99402
61.5,156.75,2018-05-01,1.2448845e-07,270.9159
61.5,157.5,2018-05-01,1.2781493e-07,272.25964
61.5,158.25,2018-05-01,1.287408e-07,272.95105
61.5,159.0,2018-05-01,1.2922146e-07,273.0819
61.5,159.75,2018-05-01,1.2690361e-07,272.4745
61.5,160.5,2018-05-01,1.2590363e-07,271.15808
61.5,161.25,2018-05-01,1.2569626e-07,269.87683
61.5,162.0,2018-05-01,1.2452938e-07,269.52332
61.5,162.75,2018-05-01,1.2339751e-07,270.08582
61.5,163.5,2018-05-01,1.2253531e-07,270.65613
61.5,164.25,2018-05-01,1.2182682e-07,270.56628
61.5,165.0,2018-05-01,1.2198734e-07,270.09167
61.5,165.75,2018-05-01,1.2205828e-07,269.83582
61.5,166.5,2018-05-01,1.221083e-07,269.84753
61.5,167.25,2018-05-01,1.2245118e-07,269.67175
61.5,168.0,2018-05-01,1.2285727e-07,269.05847
61.5,168.75,2018-05-01,1.2331293e-07,268.23425
61.5,169.5,2018-05-01,1.236699e-07,267.52332
61.5,170.25,2018-05-01,1.2326063e-07,267.08777
61.5,171.0,2018-05-01,1.2256533e-07,267.09363
61.5,171.75,2018-05-01,1.213075e-07,267.78503
61.5,172.5,2018-05-01,1.2132296e-07,269.16785
61.5,173.25,2018-05-01,1.218059e-07,270.77332
61.5,174.0,2018-05-01,1.2360715e-07,271.9823
61.5,174.75,2018-05-01,1.2515966e-07,272.59753
61.5,175.5,2018-05-01,1.2602095e-07,272.91785
61.5,176.25,2018-05-01,1.2652981e-07,273.26746
61.5,177.0,2018-05-01,1.2698138e-07,273.61707
61.5,177.75,2018-05-01,1.2689907e-07,273.74207
61.5,178.5,2018-05-01,1.2639885e-07,273.64636
61.5,179.25,2018-05-01,1.2567534e-07,273.62292
61.5,180.0,2018-05-01,1.2462942e-07,273.90808
61.5,180.75,2018-05-01,1.2383998e-07,274.3866
61.5,181.5,2018-05-01,1.231083e-07,274.71277
61.5,182.25,2018-05-01,1.2267628e-07,274.68738
61.5,183.0,2018-05-01,1.2219152e-07,274.39246
61.5,183.75,2018-05-01,1.2185637e-07,273.99402
61.5,184.5,2018-05-01,1.2159035e-07,273.53503
61.5,185.25,2018-05-01,1.2150576e-07,272.99792
61.5,186.0,2018-05-01,1.217777e-07,272.46667
61.5,186.75,2018-05-01,1.2215605e-07,272.1034
61.5,187.5,2018-05-01,1.2332748e-07,271.96277
61.5,188.25,2018-05-01,1.24503e-07,271.94324
61.5,189.0,2018-05-01,1.2596092e-07,271.96863
61.5,189.75,2018-05-01,1.2721057e-07,272.0819
61.5,190.5,2018-05-01,1.2813734e-07,272.28503
61.5,191.25,2018-05-01,1.2895134e-07,272.44324
61.5,192.0,2018-05-01,1.2941882e-07,272.49402
61.5,192.75,2018-05-01,1.2978535e-07,272.6952
61.5,193.5,2018-05-01,1.302119e-07,273.38855
61.5,194.25,2018-05-01,1.3185308e-07,274.4569
61.5,195.0,2018-05-01,1.3321414e-07,275.31628
61.5,195.75,2018-05-01,1.3456838e-07,275.6112
61.5,196.5,2018-05-01,1.3837371e-07,275.7323
61.5,197.25,2018-05-01,1.4441275e-07,276.28894
61.5,198.0,2018-05-01,1.5548312e-07,277.23816
61.5,198.75,2018-05-01,1.6753393e-07,277.9237
61.5,199.5,2018-05-01,1.7525144e-07,277.9198
61.5,200.25,2018-05-01,1.8280798e-07,277.44714
61.5,201.0,2018-05-01,1.9237996e-07,276.88074
61.5,201.75,2018-05-01,2.0289644e-07,276.3612
61.5,202.5,2018-05-01,2.1407413e-07,276.10144
61.5,203.25,2018-05-01,2.2459517e-07,276.453
61.5,204.0,2018-05-01,2.3392931e-07,277.08777
61.5,204.75,2018-05-01,2.3534858e-07,276.6366
61.5,205.5,2018-05-01,2.3434359e-07,274.1698
61.5,206.25,2018-05-01,2.2971608e-07,271.08777
61.5,207.0,2018-05-01,2.2863333e-07,270.44128
61.5,207.75,2018-05-01,2.3076927e-07,273.7362
61.5,208.5,2018-05-01,2.3021448e-07,278.82996
61.5,209.25,2018-05-01,2.3266693e-07,281.74792
61.5,210.0,2018-05-01,2.0521702e-07,280.43738
61.5,210.75,2018-05-01,1.752901e-07,276.36707
61.5,211.5,2018-05-01,1.5410114e-07,272.69128
61.5,212.25,2018-05-01,1.36567e-07,271.43347
61.5,213.0,2018-05-01,1.3368799e-07,272.40027
61.5,213.75,2018-05-01,1.297417e-07,274.07605
61.5,214.5,2018-05-01,1.262465e-07,275.06433
61.5,215.25,2018-05-01,1.2670989e-07,274.90417
61.5,216.0,2018-05-01,1.2548708e-07,273.92566
61.5,216.75,2018-05-01,1.3283898e-07,272.65808
61.5,217.5,2018-05-01,1.3576982e-07,271.49597
61.5,218.25,2018-05-01,1.2779219e-07,270.90613
61.5,219.0,2018-05-01,1.2303644e-07,271.50378
61.5,219.75,2018-05-01,1.2043984e-07,273.4569
61.5,220.5,2018-05-01,1.1866951e-07,275.9276
61.5,221.25,2018-05-01,1.1742032e-07,277.6737
61.5,222.0,2018-05-01,1.1592693e-07,278.3573
61.5,222.75,2018-05-01,1.14999246e-07,278.8241
61.5,223.5,2018-05-01,1.1468047e-07,279.828
61.5,224.25,2018-05-01,1.14928305e-07,280.9276
61.5,225.0,2018-05-01,1.15142036e-07,281.02917
61.5,225.75,2018-05-01,1.1618159e-07,279.79285
61.5,226.5,2018-05-01,1.17447605e-07,278.0409
61.5,227.25,2018-05-01,1.18715896e-07,276.8495
61.5,228.0,2018-05-01,1.2019609e-07,276.5741
61.5,228.75,2018-05-01,1.2118471e-07,276.78113
61.5,229.5,2018-05-01,1.2252394e-07,276.80457
61.5,230.25,2018-05-01,1.2423743e-07,276.29675
61.5,231.0,2018-05-01,1.2588043e-07,275.46277
61.5,231.75,2018-05-01,1.2703049e-07,274.88074
61.5,232.5,2018-05-01,1.2828787e-07,274.96082
61.5,233.25,2018-05-01,1.2954933e-07,275.62683
61.5,234.0,2018-05-01,1.3052977e-07,276.61707
61.5,234.75,2018-05-01,1.3140607e-07,278.00574
61.5,235.5,2018-05-01,1.3270164e-07,280.06042
61.5,236.25,2018-05-01,1.3345107e-07,282.52332
61.5,237.0,2018-05-01,1.3388626e-07,284.41003
61.5,237.75,2018-05-01,1.3381168e-07,284.84558
61.5,238.5,2018-05-01,1.3369026e-07,283.93542
61.5,239.25,2018-05-01,1.3240242e-07,282.61707
61.5,240.0,2018-05-01,1.3081899e-07,281.66003
61.5,240.75,2018-05-01,1.2907412e-07,281.07996
61.5,241.5,2018-05-01,1.27573e-07,280.42175
61.5,242.25,2018-05-01,1.254316e-07,279.34753
61.5,243.0,2018-05-01,1.2387045e-07,277.87878
61.5,243.75,2018-05-01,1.2245346e-07,276.29285
61.5,244.5,2018-05-01,1.2168266e-07,275.00574
61.5,245.25,2018-05-01,1.213939e-07,274.43738
61.5,246.0,2018-05-01,1.2167584e-07,274.79675
61.5,246.75,2018-05-01,1.2188639e-07,275.85925
61.5,247.5,2018-05-01,1.218732e-07,277.06042
61.5,248.25,2018-05-01,1.2188684e-07,277.80457
61.5,249.0,2018-05-01,1.2198689e-07,277.73035
61.5,249.75,2018-05-01,1.2201372e-07,276.77332
61.5,250.5,2018-05-01,1.2199916e-07,275.13855
61.5,251.25,2018-05-01,1.2191003e-07,273.25964
61.5,252.0,2018-05-01,1.2177134e-07,271.62683
61.5,252.75,2018-05-01,1.2161308e-07,270.48035
61.5,253.5,2018-05-01,1.2147166e-07,269.6444
61.5,254.25,2018-05-01,1.2126384e-07,268.74988
61.5,255.0,2018-05-01,1.2112878e-07,267.68152
61.5,255.75,2018-05-01,1.2099235e-07,266.71277
61.5,256.5,2018-05-01,1.209487e-07,266.21472
61.5,257.25,2018-05-01,1.2092778e-07,266.2323
61.5,258.0,2018-05-01,1.2098417e-07,266.4452
61.5,258.75,2018-05-01,1.2102873e-07,266.43542
61.5,259.5,2018-05-01,1.2097144e-07,265.9901
61.5,260.25,2018-05-01,1.2090868e-07,265.15417
61.5,261.0,2018-05-01,1.2081773e-07,264.1405
61.5,261.75,2018-05-01,1.2074861e-07,263.18738
61.5,262.5,2018-05-01,1.2072678e-07,262.45105
61.5,263.25,2018-05-01,1.206613e-07,261.96863
61.5,264.0,2018-05-01,1.2059263e-07,261.69714
61.5,264.75,2018-05-01,1.2044302e-07,261.58386
61.5,265.5,2018-05-01,1.2026521e-07,261.57605
61.5,266.25,2018-05-01,1.2010014e-07,261.5995
61.5,267.0,2018-05-01,1.1991415e-07,261.56824
61.5,267.75,2018-05-01,1.1970315e-07,261.44128
61.5,268.5,2018-05-01,1.1950578e-07,261.25574
61.5,269.25,2018-05-01,1.192916e-07,261.07214
61.5,270.0,2018-05-01,1.1910834e-07,260.90417
61.5,270.75,2018-05-01,1.1893054e-07,260.72644
61.5,271.5,2018-05-01,1.18735905e-07,260.5409
61.5,272.25,2018-05-01,1.18572196e-07,260.37683
61.5,273.0,2018-05-01,1.18382566e-07,260.25378
61.5,273.75,2018-05-01,1.182184e-07,260.14246
61.5,274.5,2018-05-01,1.1802104e-07,260.01746
61.5,275.25,2018-05-01,1.1784187e-07,259.91003
61.5,276.0,2018-05-01,1.17625866e-07,259.8866
61.5,276.75,2018-05-01,1.1738076e-07,259.93738
61.5,277.5,2018-05-01,1.1712428e-07,259.97644
61.5,278.25,2018-05-01,1.1683506e-07,259.953
61.5,279.0,2018-05-01,1.1654766e-07,259.953
61.5,279.75,2018-05-01,1.16306644e-07,260.09753
61.5,280.5,2018-05-01,1.16087456e-07,260.31042
61.5,281.25,2018-05-01,1.1593921e-07,260.3202
61.5,282.0,2018-05-01,1.15772316e-07,259.93738
61.5,282.75,2018-05-01,1.1569046e-07,259.31628
61.5,283.5,2018-05-01,1.1569956e-07,258.7909
61.5,284.25,2018-05-01,1.1566045e-07,258.49402
61.5,285.0,2018-05-01,1.1572957e-07,258.27527
61.5,285.75,2018-05-01,1.1576868e-07,258.05652
61.5,286.5,2018-05-01,1.1585417e-07,258.12488
61.5,287.25,2018-05-01,1.159815e-07,258.8612
61.5,288.0,2018-05-01,1.161393e-07,260.24988
61.5,288.75,2018-05-01,1.1658131e-07,261.79675
61.5,289.5,2018-05-01,1.1700059e-07,262.95496
61.5,290.25,2018-05-01,1.1758494e-07,263.5702
61.5,291.0,2018-05-01,1.1801922e-07,263.8495
61.5,291.75,2018-05-01,1.1836847e-07,264.07214
61.5,292.5,2018-05-01,1.1864814e-07,264.37292
61.5,293.25,2018-05-01,1.18825945e-07,264.75378
61.5,294.0,2018-05-01,1.18860505e-07,265.15027
61.5,294.75,2018-05-01,1.18797296e-07,265.53113
61.5,295.5,2018-05-01,1.1834846e-07,265.94324
61.5,296.25,2018-05-01,1.1772318e-07,266.453
61.5,297.0,2018-05-01,1.16934196e-07,267.03113
61.5,297.75,2018-05-01,1.15876e-07,267.5448
61.5,298.5,2018-05-01,1.14873735e-07,267.94128
61.5,299.25,2018-05-01,1.1356088e-07,268.3241
61.5,300.0,2018-05-01,1.12338974e-07,268.80847
61.5,300.75,2018-05-01,1.1118255e-07,269.34753
61.5,301.5,2018-05-01,1.10231674e-07,269.8202
61.5,302.25,2018-05-01,1.0938175e-07,270.1952
61.5,303.0,2018-05-01,1.0892882e-07,270.50183
61.5,303.75,2018-05-01,1.08727825e-07,270.7284
61.5,304.5,2018-05-01,1.0898703e-07,270.89636
61.5,305.25,2018-05-01,1.09313994e-07,271.12878
61.5,306.0,2018-05-01,1.09986566e-07,271.46472
61.5,306.75,2018-05-01,1.1062276e-07,271.69714
61.5,307.5,2018-05-01,1.11024754e-07,271.75378
61.5,308.25,2018-05-01,1.11184825e-07,272.07605
61.5,309.0,2018-05-01,1.1085195e-07,273.078
61.5,309.75,2018-05-01,1.119247e-07,274.05847
61.5,310.5,2018-05-01,1.1358862e-07,273.37878
61.5,311.25,2018-05-01,1.1775547e-07,270.2987
61.5,312.0,2018-05-01,1.209878e-07,266.20886
61.5,312.75,2018-05-01,1.201056e-07,263.22253
61.5,313.5,2018-05-01,1.1924612e-07,261.74402
61.5,314.25,2018-05-01,1.18734086e-07,260.45886
61.5,315.0,2018-05-01,1.1817111e-07,258.96277
61.5,315.75,2018-05-01,1.17746374e-07,259.11902
61.5,316.5,2018-05-01,1.1746989e-07,262.81433
61.5,317.25,2018-05-01,1.17384396e-07,268.97253
61.5,318.0,2018-05-01,1.1630164e-07,274.10144
61.5,318.75,2018-05-01,1.15363044e-07,275.90808
61.5,319.5,2018-05-01,1.15675e-07,275.33972
61.5,320.25,2018-05-01,1.15808696e-07,274.78308
61.5,321.0,2018-05-01,1.1559451e-07,275.18542
61.5,321.75,2018-05-01,1.1555631e-07,275.74988
61.5,322.5,2018-05-01,1.1562498e-07,275.7362
61.5,323.25,2018-05-01,1.15556766e-07,275.4745
61.5,324.0,2018-05-01,1.15467635e-07,275.55847
61.5,324.75,2018-05-01,1.15458995e-07,275.92957
61.5,325.5,2018-05-01,1.15470364e-07,276.15417
61.5,326.25,2018-05-01,1.1565226e-07,276.13074
61.5,327.0,2018-05-01,1.1581643e-07,276.07996
61.5,327.75,2018-05-01,1.1612429e-07,276.1034
61.5,328.5,2018-05-01,1.1640669e-07,276.10925
61.5,329.25,2018-05-01,1.1683961e-07,276.08972
61.5,330.0,2018-05-01,1.1716339e-07,276.16003
61.5,330.75,2018-05-01,1.1753719e-07,276.33972
61.5,331.5,2018-05-01,1.178496e-07,276.50574
61.5,332.25,2018-05-01,1.1812609e-07,276.55652
61.5,333.0,2018-05-01,1.1831845e-07,276.52136
61.5,333.75,2018-05-01,1.1842804e-07,276.45886
61.5,334.5,2018-05-01,1.1838575e-07,276.40027
61.5,335.25,2018-05-01,1.18268424e-07,276.37292
61.5,336.0,2018-05-01,1.18161104e-07,276.40808
61.5,336.75,2018-05-01,1.1808789e-07,276.46472
61.5,337.5,2018-05-01,1.1808971e-07,276.46277
61.5,338.25,2018-05-01,1.182566e-07,276.41003
61.5,339.0,2018-05-01,1.18447595e-07,276.43347
61.5,339.75,2018-05-01,1.18572196e-07,276.62683
61.5,340.5,2018-05-01,1.1864359e-07,276.93933
61.5,341.25,2018-05-01,1.186063e-07,277.2616
61.5,342.0,2018-05-01,1.1846533e-07,277.56042
61.5,342.75,2018-05-01,1.1829935e-07,277.89246
61.5,343.5,2018-05-01,1.1749672e-07,278.28503
61.5,344.25,2018-05-01,1.1664361e-07,278.70496
61.5,345.0,2018-05-01,1.15343035e-07,279.1327
61.5,345.75,2018-05-01,1.14155235e-07,279.6112
61.5,346.5,2018-05-01,1.1323255e-07,280.1776
61.5,347.25,2018-05-01,1.1492467e-07,280.78503
61.5,348.0,2018-05-01,1.1779094e-07,281.2948
61.5,348.75,2018-05-01,1.2054716e-07,281.56042
61.5,349.5,2018-05-01,1.2290093e-07,281.52332
61.5,350.25,2018-05-01,1.2438022e-07,281.24792
61.5,351.0,2018-05-01,1.2514602e-07,280.87878
61.5,351.75,2018-05-01,1.2521059e-07,280.56433
61.5,352.5,2018-05-01,1.237072e-07,280.38855
61.5,353.25,2018-05-01,1.215567e-07,280.36902
61.5,354.0,2018-05-01,1.1982092e-07,280.4491
61.5,354.75,2018-05-01,1.1824296e-07,280.50574
61.5,355.5,2018-05-01,1.1660132e-07,280.40613
61.5,356.25,2018-05-01,1.1547673e-07,280.11707
61.5,357.0,2018-05-01,1.1532121e-07,279.77332
61.5,357.75,2018-05-01,1.1506291e-07,279.56238
61.5,358.5,2018-05-01,1.14784605e-07,279.57605
61.5,359.25,2018-05-01,1.14224356e-07,279.74597